executive	경영진, 임원 / 경영의, 운영의
inventory	재고, 재고 목록 / 재고 조사
feature	특징, 특색 / 특집 기사
acknowledge	수신을 인정하다 / 감사를 표현하다
voucher	상품권, 바우처 / 영수증, 증명서
estimate	견적서, 평가 / 추산하다, 평가하다
resume	재개하다 / 이력서
issue	문제, 이슈 / 발행하다
property	재산, 소유물 / 부동산
eligible	자격이 있는 / 적격의
initiative	주도권 / 새로운 계획, 선도적 행동
culinary	요리의, 음식의
extensive	광범위한 / 대규모의
deposit	예치금, 보증금 / 침전물
retail	소매 / 소매의
affordable	가격이 알맞은
grant	승인하다 / 수여하다
significantly	상당히, 현저하게 / 중요한 정도로, 의미 있게
reserve	예약하다 / 보유하다
application	신청, 지원서 / 적용, 응용
address	주소 / 문제를 다루다
suppose	추정하다 / 생각하다
charge	요금 / 책임
expire	기한이 만료되다 / 효력이 끝나다
refund	환불 / 환불하다
promote	촉진하다 / 승진시키다
revenue	수익, 수입 / 세입
opportunity	기회 / 적기, 호기
valid	유효한 / 타당한
confidential	기밀의, 비밀의 / 신뢰를 요하는
figure	숫자 / 인물
traffic	교통, 차량의 흐름 / 인터넷 트래픽, 데이터 흐름
audience	청중, 관객 / 독자
occupy	공간을 차지하다 / 시간이나 주의를 차지하다
approximately	대략 / 거의
complimentary	무료의 / 칭찬의
outstanding	미해결의, 미지불된 / 뛰어난, 두드러진
imperative	긴급한, 필수적인 / 긴급한 문제, 필수적인 것
suggest	제안하다, 권하다
decline	감소하다 / 거절하다
balance	균형 / 잔액
account	계좌 / 설명
proceed	계속하다, 진행하다 / 시작하다
amenities	편의시설 / 예의, 기품
renowned	유명한
preserve	보존하다 / 저장식품
simply	단순하게, 간결하게 / 그저, 단지
presence	존재, 출석 / 풍모, 영향력
laboratory	실험실
effective	효과적인 / 효력을 발휘하는
enhance	향상시키다 / 강화하다
insurance	보험
spacious	넓은, 공간이 많은
ingredient	재료, 성분 / 성공 등의 요소
withdraw	철회하다 / 철수하다
banquet	연회, 만찬 / 성대한 식사
experiment	실험 / 실험하다
specific	구체적인, 명확한 / 특정한
specialize	전문화하다
affect	영향을 미치다 / 정서, 감정
equip	장비를 제공하다 / 준비시키다
reimbursement	환급, 상환 / 보상
premises	건물과 토지, 부지 / 구내
renovate	수리하다, 개조하다
versatile	다재다능한 / 다용도의
implement	실행하다 / 도구, 장치
informed	정보에 기반한
commitment	약속 / 헌신
direct	직접적인 / 명령하다, 지시하다
facilitate	용이하게 하다, 촉진하다
commission	수수료 / 위원회
cover	덮다 / 포함하다
encourage	격려하다 / 촉진하다
persuade	설득하다 / 납득시키다
accompany	동반하다, 함께 가다 / 수반하다
candidate	후보자, 지원자 / 시험응시자
renew	갱신하다 / 재개하다
launch	출시하다 / 시작하다
reliable	믿을 수 있는, 신뢰할 수 있는
inform	알리다 / 정보 제공하다
distribute	배포하다, 분배하다
strategy	전략 / 전술, 방법
motivate	동기부여하다 / 유도하다, 자극하다
consider	고려하다 / ~라고 여기다
remind	상기시키다 / 떠올리게 하다
suitable	적합한, 알맞은 / 어울리는
beverage	음료
portable	휴대할 수 있는 / 휴대용 기기
essential	필수적인 / 필수 요소
consent	동의, 허락 / 동의하다, 허락하다
tentative	잠정적인, 임시의 / 시도적인, 시험적인
respective	각각의, 각자의
arrange	정리하다 / 준비하다
associate	관련시키다, 연관짓다 / 어울리다, 교제하다
publicity	언론 보도, 광고 / 선전, 홍보
instructor	강사, 교관
contractor	계약자, 도급업자
relevant	관련 있는 / 적절한
weekly	매주 열리는 / 매주
imply	암시하다
reveal	드러내다, 폭로하다 / 보여주다, 나타내다
assembly	조립 / 집회, 회의
procedure	절차, 과정 / 수술, 의료 절차
overdue	기한이 지난 / 연체된
merchandise	상품, 물품 / 판매하다, 홍보하다
authority	권한 / 당국
fiscal	재정의, 회계의
timely	시기적절한
duty	책임, 의무 / 관세, 세금
impose	부과하다 / 강요하다, 강제하다
merger	합병 / 융합
demonstration	증명, 시연 / 시위
fluctuate	변동하다
designate	지정하다, 임명하다 / 지정된, 임명된
devoted	헌신적인, 열정적인 / 사랑하는
stock	재고 / 주식
promptly	지체 없이, 즉시 / 정확히
expand	확장하다 / 팽창하다
variety	다양성, 여러 가지 종류 / 품종, 종
immediately	즉시, 곧
capacity	수용 능력, 용량 / 역할, 지위
conduct	수행하다 / 지휘하다
transaction	거래 / 처리
personnel	직원, 인원 / 인사부서
due	기한이 된 / 적절한, 맞는
assure	안심시키다 / 보증하다, 확언하다
responsibility	책임, 의무 / 담당, 역할
progress	발전, 진전 / 진보하다, 나아가다
supply	공급, 비축품 / 제공하다, 공급하다
release	발표하다, 공개하다 / 석방하다, 자유롭게 하다
receipt	수령, 영수증 / 영수증을 받음
refuse	거절하다 / 폐기물, 쓰레기
prosperous	번영하는
lean	기대다 / 기울이다
pedestrian	보행자 / 평범한, 재미없는
tenant	임차인, 세입자
flaw	결함, 흠 / 결함을 만들다
guarantee	보증, 보장 / 보장하다, 확실히 하다
loan	대출, 차용금 / 빌려주다, 대출하다
admit	인정하다 / 입장을 허용하다
expense	비용 / 지출
description	묘사, 설명
statement	진술, 발표 / 명세서, 서류
regulation	규제, 규정
material	재료, 물질 / 자료, 정보
policy	정책, 방침 / 보험 증권
assume	가정하다 / 맡다
critical	중요한, 중대한 / 위기의, 위험한
alleviate	완화하다, 덜어주다
solicit	요청하다, 간청하다 / 청구하다
unprecedented	전례 없는
produce	생산하다 / 농산물
amount	양, 총액 / 합계가 ~에 이르다
commute	출퇴근하다 / 형을 감형하다
corporate	기업의, 법인의
practical	실용적인 / 실제적인, 현실적인
deny	부인하다 / 거부하다, 허락하지 않다
diverse	다양한, 여러 가지의
fulfill	요구를 충족시키다 / 약속을 완수하다
clarify	명확하게 하다 / 분명하게 하다
draft	초안, 초고 / 징병, 선발
recipe	요리법, 조리법 / 지침, 비법
performance	성과 / 공연
invoice	청구서 / 청구서를 보내다
useful	유용한 / 쓸모있는
durable	오래 지속되는, 견고한
subscribe	정기 구독을 신청하다 / 서비스에 가입하다
coverage	보상 범위 / 보도 범위
approve	승인하다 / 찬성하다
agenda	의제, 일정 / 할 일 목록
boost	증가시키다, 증대하다 / 증가, 증대
access	접근, 이용 권한 / 접근하다, 이용하다
facility	시설 / 쉬움, 유창함
diagnosis	진단 / 문제 분석, 식별
ownership	소유권 / 책임
recession	불경기, 경기 침체
status	상태 / 지위
accountable	책임 있는
dependable	신뢰할 수 있는
adjustment	조정 / 적응
prestigious	명망 있는, 존경받는
recognition	인정, 승인 / 알아보기, 인식
regret	후회하다 / 유감스럽게 생각하다
unemployment	실업 / 실업률
documentation	문서 작성, 기록 / 증거 자료, 서류
compete	경쟁하다
range	범위 / 범위가 ~에 이르다
conclusion	결론 / 종결
environment	자연환경 / 생활환경, 분위기
expose	드러내다, 폭로하다 / 노출시키다
appropriate	적절한 / 도용하다, 사용하다
negotiate	협상하다 / 교섭하다
investment	투자 / 투자금, 투자액
productivity	생산성
proposal	제안, 제의 / 청혼
manual	손으로 작동하는, 수동의 / 설명서, 안내서
potential	잠재력, 가능성 / 잠재적인, 가능성이 있는
delay	지연 / 연기하다
obtain	얻다, 획득하다 / 확보하다
restrict	제한하다 / 통제하다
substitute	대체하다, 대리하다 / 대체품, 대리인
appraisal	평가 / 감정
temporarily	일시적으로 / 잠시 동안
remain	어떤 상태를 유지하다 / 남아 있다
relieve	고통을 덜어주다 / 업무에서 해방시키다
beneficial	이익이 되는
deliver	배송하다 / 연설하다
expect	예상하다, 기대하다 / 요구하다, 요청하다
damage	손상, 피해 / 손상시키다, 피해를 입히다
seal	봉인하다 / 확정하다, 마무리하다
stagnant	정체된, 흐르지 않는
tenure	재임 기간, 임기 / 종신 재직권, 보유
setback	방해, 좌절 / 후퇴
autograph	사인 / 사인하다
associated	관련된
arrival	도착 / 신생, 도래
dimension	크기, 치수 / 양상, 측면
consistency	일관성 / 액체의 농도, 밀도
invent	발명하다 / 고안하다, 만들어내다
generous	관대한 / 풍부한, 넉넉한
enrich	풍요롭게 하다 / 영양소나 성분을 강화하다
transfer	이동하다 / 전근하다
structure	구조 / 구조를 설계하다
employment	고용, 직업 / 취업, 고용 상태
destination	목적지
complaint	불평, 불만 / 고충, 문제점
atmosphere	분위기, 감정 / 대기, 공기층
host	주최자, 주인 / 호스트 컴퓨터
classify	분류하다, 구분하다
district	구역, 지역
run	달리다 / 운영하다
projection	예상, 추정 / 영사, 투사
taste	맛, 풍미 / 맛보다
transportation	교통수단 / 운송
inspiration	영감, 동기부여 / 신선한 아이디어나 방안
adequate	충분한, 적절한 / 적합한
reputation	평판, 명성
rebate	환급금 / 환급하다
pension	연금 / 저렴한 호텔
payment	지불, 지급 / 청구 금액
permit	허가하다, 허용하다 / 허가증, 허가
reservation	예약 / 거리낌, 의구심
correspondence	서신 왕래 / 편지, 서한
escort	동반자, 안내자 / 동행하다, 호위하다
attire	의복, 옷차림
inclement	날씨가 궂은
scrutinize	면밀히 검토하다
exclusively	단독으로, 오로지
collaborate	협력하다 / 공동으로 작업하다
consistently	일관되게
commensurate	상응하는, 비례하는 / 상당하는
streamline	간소화하다, 효율화하다
freshness	신선함 / 새로움
endangered	멸종 위기에 처한
aware	알고 있는, 인식하고 있는 / 깨닫고 있는
convert	변환하다 / 개종하다, 신념을 바꾸다
contribute	기여하다 / 기부하다
fatigue	피로 / 피곤하게 하다
advance	진전 / 선불
alternative	대안 / 대안의
endeavor	노력, 시도 / 노력하다, 시도하다
confidence	자신감 / 신뢰
symptom	증상, 징후
yield	생산하다 / 양보하다
nutrition	영양
bounce	튀어 오르다 / 되돌아오다, 회복하다
curb	억제하다, 제한하다 / 억제, 제한
delinquent	연체된, 체납된 / 불량한, 비행의
terminate	끝내다 / 해고하다
plummet	급락하다 / 급락
complication	복잡한 문제, 어려움 / 합병증
consensus	의견 일치 / 합의
surplus	잉여, 과잉 / 남는, 과잉의
remedy	치료법, 해결책 / 개선하다, 해결하다
payable	지불해야 하는 / 지불해야 할 금액
utilize	활용하다 / 기회를 활용하다
superb	탁월한, 뛰어난
demolish	철거하다, 파괴하다 / 논리적으로 반박하다
chronic	만성적인
periodically	정기적으로
predecessor	선임자 / 이전의 것, 전신
markedly	두드러지게
precaution	예방 조치
discontinue	중단하다 / 종료하다
exquisite	매우 아름다운, 섬세한 / 정교한, 세밀한
bulk	대량 / 대부분
disruption	방해, 중단, 혼란
elegant	우아한, 품격 있는
assorted	다양한, 여러 가지 종류의
stage	단계 / 무대
deduct	공제하다, 차감하다 / 감액하다
counterfeit	위조품, 가짜 / 위조된, 가짜의
perishable	쉽게 상할 수 있는 / 부패하기 쉬운 식품
physician	의사 / 내과 의사
attentive	주의 깊은 / 세심한, 친절한
suburb	교외, 외곽 주거지
significant	중요한 / 상당한
attempt	시도, 노력 / 시도하다, 노력하다
landscape	풍경, 경치 / 지역 또는 영역
steadily	꾸준하게 / 착실하게
notice	공지 / 주목, 인지
applicant	지원자 / 신청자
process	절차, 과정 / 처리하다
foundation	기초, 토대 / 재단, 기금
celebrity	유명인사 / 유명세, 명성
accountant	회계사
donate	기부하다 / 기증하다
inconvenience	불편 / 불편을 끼치다
announce	발표하다, 공표하다
unusually	일반적이지 않게, 평소보다 더
improve	개선하다, 향상시키다 / 나아지다, 좋아지다
repair	수리하다 / 수리
warranty	품질보증서 / 보증 기간
replace	대체하다 / 교체하다
production	생산, 제작 / 생산량
subscription	구독, 가입 / 정기결제
rush	급함, 서두름 / 서두르다, 급히 가다
community	공동체, 지역 사회
operate	기계를 작동시키다 / 사업을 운영하다
fit	적합한, 알맞은 / 꼭 맞다
acquire	얻다, 획득하다 / 습득하다
confirm	확인하다, 확증하다 / 승인하다, 허가하다
attention	주의, 집중
concern	우려, 걱정 / 관련되다
interest	관심 / 이자
purchase	구매, 구입 / 구매하다, 구입하다
defective	결함이 있는
financial	재정의, 금전적인
compliance	준수, 따름 / 순응, 따름
lead	이끌다, 인도하다 / 어떤 결과로 이어지다
organize	정리하다 / 체계를 세우다
mistakenly	실수로, 잘못하여
attract	끌어당기다 / 유발하다, 유인하다
depart	출발하다 / 떠나다
donation	기부
summary	요약, 개요
awareness	인식, 의식 / 자각, 알고 있음
harvest	수확물 / 수확하다
plumber	배관공
review	검토, 평가 / 검토하다, 재검토하다
consumer	소비자
describe	묘사하다, 설명하다 / 특징짓다
provide	제공하다 / 준비하다, 마련하다
convenience	편리함, 편리한 것 / 편의 시설
aim	목표 / 목표로 하다, ~을 지향하다
prospective	장래의, 예비의 / 가망 있는, 가능성이 높은
exceptional	뛰어난, 특출한 / 예외적인, 이례적인
result	결과 / 결과로서 발생하다
advantage	장점, 유리한 점 / 유리하게 하다
satisfaction	만족감 / 충족, 이행
dedicated	헌신적인, 전념하는 / 특정 목적을 위한
emphasis	강조 / 중점
labor	노동, 일 / 노동하다, 힘쓰다
foster	발전시키다, 육성하다 / 양육하다, 돌보다
demand	수요 / 요구하다
selection	선택된 것, 선발된 사람 / 선택 과정, 선발 과정
conscious	의식하는, 자각하는 / 의식이 있는
efficiently	효율적으로 / 능률적으로
comparable	비교할 만한 / 유사한
corrosion	부식 / 점차적인 손상
personal	개인적인 / 사적인
popular	인기 있는 / 대중의
influence	영향 / 영향을 미치다
dramatic	극적인, 급격한 / 인상적인, 감정을 자극하는
aid	도움, 지원 / 돕다, 지원하다
fascinating	매혹적인
concentrate	집중하다 / 사람이나 물자를 모으다
lecture	강의, 강연 / 강의하다, 연설하다
ideal	이상적인 / 최적의
worth	~의 가치가 있는 / 가치
value	가치, 중요성 / 평가하다, 존중하다
introduce	도입하다 / 소개하다
attend	참석하다 / 돌보다
method	방법, 방식 / 체계, 체계성
permanent	영구적인, 지속적인 / 계속되는, 변하지 않는
recovery	회복 / 복구
object	물건, 사물 / 목적, 목표
attain	도달하다 / 나이나 기간을 맞이하다
convene	소집하다 / 모이다
eliminate	제거하다, 없애다 / 탈락시키다
expertise	전문 지식, 전문 기술 / 전문가 의견
retain	유지하다, 보유하다 / 기억하다
hesitate	주저하다, 망설이다 / 망설이며 말하다
schedule	일정, 시간표 / 일정을 잡다, 계획하다
project	프로젝트, 계획 / 예상하다, 예측하다
credit	신용, 신뢰 / 입금, 잔액
accrue	증가하다, 축적되다
dig	땅을 파다 / 정보를 찾다
remit	송금하다 / 면제하다
favorable	호의적인 / 유리한
state	상태 / 주, 국가
patio	파티오, 테라스 / 외부 휴식 공간
recreational	여가의, 오락의
valley	계곡, 골짜기
skeptical	의심 많은
positive	긍정적인 / 확신하는
economy	경제 / 절약, 경제성
propose	제안하다 / 청혼하다
debut	첫 등장, 데뷔 / 첫선을 보이다, 데뷔하다
fire	불, 화재 / 해고하다
hire	고용하다 / 임대하다
attitude	태도, 마음가짐 / 입장, 견해
region	지역, 구역 / 분야, 영역
dispose	처리하다, 처분하다 / 배치하다
divide	나누다, 분할하다 / 갈라놓다, 분열시키다
proficiency	숙련도 / 능력
managerial	경영의, 관리의
growth	성장, 발전 / 증가, 증식
independent	독립적인 / 자립적인
apologize	사과하다
refer	언급하다 / 참조하다
follow	뒤를 따르다 / 지시나 규칙을 따르다
broad	넓은, 광범위한 / 일반적인, 종합적인
diversified	다양한, 다각화된 / 다각화하다, 다양화하다
ailing	병든, 아픈 / 경제적으로 어려움을 겪고 있는
occupancy	점유, 사용
hospitality	환대 / 환대 산업
furnished	가구가 비치된 / 가구를 비치하다, 제공하다
enlightening	계몽적인, 유익한 / 계몽하다, 설명하다
municipal	시의, 지방 자치의
regard	간주하다, 여기다 / 관련되다
routinely	정기적으로 / 일상적으로
overview	개요 / 전반적인 설명, 개괄
qualify	자격을 얻다 / 적합하다
determine	결정하다 / 확정하다, 판별하다
overcharge	과다 청구하다 / 과충전하다
keep	유지하다 / 보관하다
costume	복장, 의상
evenly	고르게, 균등하게 / 평평하게
industry	산업 / 근면
highlight	강조하다 / 가장 중요한 부분, 하이라이트
journal	일기, 기록 / 학술지, 정기간행물
shore	해안, 물가 / 지지하다, 강화하다
statue	동상, 조각상
astronomy	천문학
flexible	유연한, 융통성 있는
circulate	순환하다 / 배포하다, 퍼뜨리다
merit	장점, 가치 / 받을 만하다, 가치가 있다
moderate	적당한, 중간의 / 완화하다, 조정하다
artificial	인공적인 / 부자연스러운
analyze	분석하다 / 평가하다
modernize	현대화하다 / 개선하다, 개혁하다
operation	운영 / 작전
medical	의학의, 의료의
block	덩어리 / 한 구획
individual	개인 / 개별적인, 개인적인
deadline	마감일, 기한 / 시한, 시간 제한
wrap	포장하다 / 덮다, 감싸다
trial	재판 / 시험, 시도
institute	기관, 연구소 / 설립하다
cooperation	협력 / 협조, 지원
resident	거주자 / 수련의
flight	비행, 항공 여행 / 계단의 층
department	부서, 학과 / 소매점의 부문
separate	분리하다 / 별개의, 독립된
ladder	사다리 / 승진 단계, 출세의 길
passenger	승객 / 동승자
closet	옷장, 작은 방 / 비밀로 하다, 감추다
rare	희귀한, 드문 / 거의 익지 않은
masterpiece	걸작, 명작 / 최고의 작품
broadcast	방송하다 / 방송, 방송 프로그램
retrieve	되찾다, 회수하다 / 정보를 검색하다
replacement	대체, 교체 / 후임자, 후임
storage	저장, 보관 / 저장소, 창고
hectic	매우 바쁜, 정신없이 분주한 / 험난한, 격렬한
vessel	배, 선박 / 용기, 그릇
resign	사임하다 / 체념하다, 포기하다
load	짐, 중량 / 짐을 싣다
supervisor	감독자 / 관리인
sculpture	조각, 조각 작품 / 조각하다
rent	임대하다 / 빌려주다
garage	차고 / 자동차 정비소
resource	자원 / 자료, 정보원
flavor	맛, 향 / 특정한 느낌, 분위기
alert	경고하다, 알리다 / 경보, 경고
rack	선반, 짐대 / 고통을 주다, 괴롭히다
acquisition	인수 / 획득
commercial	상업적인 / 광고
revise	수정하다 / 검토하다
outdated	구식의, 시대에 뒤떨어진
private	개인적인, 사적인 / 비공개의, 비밀의
tray	쟁반, 받침
entrance	입구, 진입로 / 입장
pharmacy	약국 / 약학
appeal	호소하다 / 항소하다
errand	심부름 / 사적인 용무
knob	손잡이 / 돌기
compile	자료를 모으다, 편집하다 / 프로그램을 컴파일하다
composer	작곡가
linger	오래 머무르다 / 냄새가 남아 있다
submit	제출하다 / 복종하다
abundant	풍부한, 많은 / 넘치는
sneeze	재채기 / 재채기하다
lease	임대 계약 / 임대하다
dine	식사하다 / 공식적인 자리에서 식사하다
priority	우선순위 / 긴급히 처리해야 할 사항
nominate	후보자로 지명하다 / 임명하다
observe	목격하다, 보다 / 준수하다
waste	낭비, 쓰레기 / 낭비하다
adjacent	인접한, 가까운 / 근접한
conflict	갈등, 충돌 / 충돌하다, 상충하다
target	목표 / 표적, 정조준의 대상
letterhead	편지 머리글 / 회사 이름과 주소가 인쇄된 편지지
pertinent	관련 있는, 적절한
compensation	보상, 배상 / 급여, 임금
participate	참가하다, 참여하다
retire	은퇴하다 / 물러나다, 퇴각하다
collective	집단의, 공동의 / 집단, 공동체
annually	매년
found	설립하다, 창립하다 / 발견했다, 찾았다
discourage	단념시키다, 못 하게 하다 / 사기를 꺾다
ticket	입장권, 관람권 / 교통 위반 티켓, 벌금 통지서
inquiry	질문, 문의 / 조사, 연구
dominate	지배하다 / 우위를 차지하다
signal	신호 / 신호를 보내다
allergic	알레르기가 있는 / 극도로 싫어하는
view	견해, 관점 / 전망, 경치
spicy	매운 / 자극적인, 흥미로운
entertain	즐겁게 하다 / 접대하다
manuscript	원고, 필사본
placement	배치, 놓기 / 고용 배치
accumulation	축적, 누적
hypothesis	가설 / 추정
component	구성 요소, 부품 / 성분, 재료
dehydrate	수분을 제거하다 / 탈수 상태로 만들다
fever	열, 발열 / 열정, 흥분
vaccinate	백신을 접종하다 / ~에 대한 백신을 접종하다
contagious	전염성의 / 영향을 주는
frigid	매우 추운 / 냉담한
pollution	오염, 공해 / 오염 행위
neighborhood	이웃, 인근 / 지역사회
exhibit	전시하다 / 드러내다, 보이다
turn	돌다, 방향을 바꾸다 / 바뀌다, 전환하다
vote	투표, 표 / 투표하다
coastal	해안의
definitely	확실히, 분명히
rest	휴식 / 나머지
prefer	더 좋아하다, 선호하다 / 제안하다, 추천하다
directory	목록, 안내 책자 / 컴퓨터 파일 구조
contain	포함하다, 담다 / 억제하다, 통제하다
valuable	귀중한, 중요한 / 귀중품
charity	자선 단체 / 자선 행위
comply	따르다, 준수하다
lock	잠그다 / 고정시키다
plant	식물 / 공장
province	주, 지방 / 책임이나 업무의 분야
decade	10년
appreciate	감사하다 / 진가를 알아보다
dental	치과의, 치아의 / 치과용의
patronage	후원, 지원 / 단골, 고객
venue	행사 장소 / 법정 관할지
book	책 / 예약하다
mechanic	기계공, 정비공 / 기술, 방법
fold	접다 / 사업이나 활동을 중단하다
achievement	성취, 달성
supplier	공급자, 공급업체
conductor	지휘자 / 전도체
appointment	약속, 예약 / 임명, 지명
contribution	기여, 공헌 / 기부금
certain	특정한 / 확신하는
personally	개인적으로 / 직접적으로
leave	떠나다 / 남기다
attachment	첨부 파일 / 애착, 정서적 유대
hand	손 / 도움
postpone	연기하다, 미루다 / 차일피일 미루다
regularly	정기적으로
addition	추가, 덧셈 / 부가물, 추가 부분
flier	광고 전단지 / 항공편 승객
inefficient	비효율적인
avoid	피하다 / 회피하다
stand	서다 / 견디다, 참다
entertainment	오락, 여흥 / 연예, 공연
tournament	대회, 토너먼트 / 시합
pack	짐을 싸다 / 포장하다
reduced	감소된, 축소된 / 할인된
retailer	소매업자, 소매점
directions	지시 / 길 안내
railing	난간
belong	속하다 / 어울리다, 적합하다
traditional	전통적인 / 구식의
electricity	전기
injure	상처를 입히다, 부상을 입히다 / 해치다, 손상시키다
patient	환자 / 참을성 있는, 인내심 있는
weed	잡초 / 잡초를 제거하다
patience	인내심 / 참을성
probably	아마도
water	물 / 물을 주다
save	저축하다 / 구하다
position	위치, 자리 / 직위, 일자리
activate	작동시키다 / 활성화하다
alteration	변경, 수정
artifact	인공물, 유물 / 인위적 산물, 인공적 흔적
assessment	평가 / 검토
flammable	가연성의, 불이 붙기 쉬운 / 가연물
integral	필수적인 / 완전한
inaugural	취임의 / 첫 번째의, 개시의
intensive	집중적인 / 강한, 강력한
statistics	통계, 통계 자료 / 통계학
overwhelming	압도적인, 강력한 / 극도의, 극심한
void	빈 공간 / 무효의
tactic	전술, 전략, 방법 / 약삭빠르게 사용하는 수단
heritage	문화유산 / 전통
discard	버리다 / 없애다, 제거하다
disposable	일회용의 / 일회용품
chronicle	연대기, 기록 / 기록하다, 연대순으로 이야기하다
fundraising	자금 모금 활동 / 자금 조달
pertain	관련되다 / 적용되다
consideration	고려 / 배려
distributed	분배된, 배포된 / 퍼진, 흩어진
loss	손실 / 감량, 감소
experience	경험 / 경험하다
local	특정 지역의, 현지의 / 지역 주민
predict	예측하다
regarding	무엇에 관하여
accordingly	그에 따라, 따라서
limited	제한된, 한정된 / 부족한, 충분하지 않은
expiration	만료 / 종료
automated	자동화된 / 자동으로 작동하는
enclosed	둘러싸다 / 동봉하다
accomplished	능숙한, 성취한
stable	안정된 / 변하지 않는, 견고한
mutually	상호 간에 / 서로 간에
prescription	처방전 / 권장 사항
cancellation	취소
price	가격 / 가격을 매기다
carefully	주의 깊게, 신중하게 / 세심하게
foremost	가장 중요한 / 선두의, 일류의
generously	아낌없이, 관대하게
specialization	전문화 / 특수화
preparation	준비, 준비 작업 / 대비, 대비책
transition	변화, 전환 / 변천하다, 전환하다
productive	생산성이 높은 / 결실이 있는, 유익한
unfavorable	호의적이지 않은 / 불리한
boardroom	이사회 회의실 / 고위 경영 회의 공간
ambitious	야심 있는
enlarge	크기를 확대하다 / 범위를 확장하다
apparent	명백한, 분명한 / 겉보기의, 외관상
briefly	잠시 동안 / 간단히
regain	되찾다
duplication	복제 / 중복
paperwork	서류 작업
unanimously	만장일치로
general	일반적인 / 전체적인
usual	보통의, 평소의 / 흔히 있는, 일상적인
exceed	초과하다 / 넘어서다, 뛰어넘다
pretty	예쁜, 매력적인 / 꽤, 상당히
suited	어울리거나 적합한 / 준비된, 맞춰진
familiarity	친숙함, 잘 알고 있음 / 친밀함
seek	찾다 / 추구하다
invite	초대하다, 요청하다 / 권유하다, 초래하다
independently	독립적으로 / 자율적으로
diligent	근면한, 성실한
inexperienced	경험이 없는, 미숙한
leadership	지도력, 리더십
moderately	적당히 / 중간 정도로
customized	맞춤형의, 개인화된
preferential	특혜의 / 우선적인
effectiveness	효과적임, 효율성
inexpensive	저렴한, 비용이 낮은
sharply	급격하게 / 날카롭게
discreetly	신중하게
periodic	주기적인
exponentially	기하급수적으로
outgoing	외향적인, 사교적인 / 퇴임하는, 떠나는
welcome	환영하다 / 환영받는, 반가운
support	지지하다, 지원하다 / 지원
informal	격식을 차리지 않는 / 비공식적인
excellence	뛰어남, 탁월함
inspiring	영감을 주는 / 영감을 받은
acceptable	받아들일 수 있는 / 수용 가능한
amendment	수정, 변경 / 개정
breakable	파손되기 쉬운
trade	무역, 거래 / 교환하다, 거래하다
descending	내려가는, 하향의 / 내림차순의
fluctuation	변동, 오르내림
lure	유혹하다 / 유혹, 매혹
perfectly	완벽하게 / 전적으로
utilities	공공서비스, 공과금 / 유용성, 유틸리티
loyalty	충성, 헌신 / 신뢰, 신의
individually	개별적으로 / 각각
shortcoming	결점, 단점
unrivaled	비할 데 없는, 유일무이한
accommodations	숙박 시설
frozen	얼린 / 정지된
stay	머무르다, 체재하다 / 계속하다, 유지하다
courtyard	안마당, 중정
tourist	관광객 / 여행객
canceled	취소된 / 취소하다
landmark	주요 지형지물 / 중요한 사건, 이정표
frequent	자주 방문하다 / 빈번한
nightly	매일 밤의, 밤마다의 / 매일 밤
holder	소지자, 보유자 / 자, 받침대
resounding	울리는, 울려퍼지는 / 압도적인, 확실한
worldwide	세계적인 / 전 세계적으로
theatrical	연극의, 연극적인
proudly	자랑스럽게
theatergoer	연극 애호가, 관람객
appraise	평가하다 / 감정하다
discretionary	자유 재량의
unease	불안, 걱정
located	위치한 / 위치를 찾다
distinctive	독특한, 다른 것들과 구별되는 / 구별되는, 특유의
plumbing	배관 작업, 설비
daily	매일의 / 매일
coincide	동시에 발생하다 / 일치하다
improvement	개선, 향상 / 개선된 것, 개량품
anecdote	짧은 이야기, 일화
enrollment	등록, 입학 / 등록자 수
avid	열렬한, 열광적인
indoor	실내의
critically	비판적으로 / 결정적으로
socialize	사람들과 어울리다 / 친화적인 환경을 조성하다
develop	개발하다 / 발달하다
culminate	최고조에 달하다 / 끝이 나다, 마무리되다
acclaimed	칭찬받는, 호평을 받는
care	주의, 신경 씀 / 돌봄, 관리
ergonomic	인체공학적인
relaxed	긴장이 풀린, 편안한 / 느긋한
notable	주목할 만한, 중요한 / 유명인사, 저명한 사람
richly	풍부하게 / 충분히
strategically	전략적으로
borrow	빌리다
appendix	부록 / 맹장
autobiography	자서전
inaccuracy	부정확성, 오류 / 불명확함
affiliation	소속, 연계
capability	능력, 역량
casually	비공식적으로, 편하게 / 무심코, 우연히
inspection	검사, 점검 / 사찰, 감찰
mental	정신의, 마음의
infectious	전염성의 / 전염력이 있는
conservation	보존, 보호 / 절약
splendor	화려함, 웅장함
ancient	고대의, 오래된 / 고대인
flooding	홍수
disappointed	실망한
frustrated	좌절감을 느끼는 / 좌절, 불만
breathtakingly	숨 막히게, 놀랍게도
delighted	매우 기쁜 / 즐거운
familiar	익숙한, 잘 알고 있는 / 친숙한
uncomfortably	불편하게
impressed	깊은 인상을 주다 / 감동을 주다
convinced	확신한 / 확신시키다, 설득시키다
afraid	두려워하는, 겁내는 / 걱정하는
bring	가져오다 / 사람을 데려오다
infrequently	드물게, 가끔 / 빈번하지 않게
rectangular	직사각형의 / 직각의
substance	물질, 소재 / 핵심, 요지
luxury	사치, 호화 / 고급의, 사치스러운
story	이야기 / 기사, 보도
fear	두려움, 공포 / 두려워하다
element	요소, 구성 부분 / 환경, 기분
solid	고체의, 단단한 / 견고한, 신뢰할 수 있는
adjustable	조정 가능한, 변경 가능한
trend	경향, 추세
activity	활동 / 업무
rage	분노 / 격노하다, 격렬하게 지속되다
ultimate	최종의, 궁극적인 / 최고의
tie	묶다 / 동점이 되다
screw	나사, 나사못 / 조이다, 고정하다
supervise	감독하다 / 지도하다
bound	묶인, 구속된 / ~할 가능성이 있는
plot	줄거리, 구성 / 음모, 모의
distinction	차이점, 구별 / 우수성, 영예
miserable	매우 불행한 / 열악한, 비참한
practice	실행, 실습, 연습 / 관습, 관례
prime	주요한, 최상의 / 전성기
well-being	복지, 웰빙
obligation	의무, 책임 / 채무, 채권
neglect	무시하다, 소홀히 하다 / 무시, 소홀
omit	생략하다 / 빠뜨리다
modest	겸손한 / 적당한
affair	사건, 일 / 연애관계
split	나누다 / 분할, 불일치
conceal	숨기다, 감추다
decent	괜찮은, 품질이 나쁘지 않은 / 적절한, 예의 바른
pace	속도 / 천천히 걷다, 서성거리다
insider	내부자
sanction	제재, 처벌 / 허가하다, 승인하다
circuit	회로 / 순회, 둘레
combine	결합하다 / 협력하다
adjust	조정하다, 맞추다 / 적응하다, 익숙해지다
accommodate	수용하다 / 요청, 필요를 충족시키다
subject	주제, 화제 / 과목
delegate	대표자, 대리인 / 권한을 위임하다
locate	찾다 / 두다
represent	대표하다 / 설명하다, 나타내다
claim	주장, 요구 / 주장하다
indicate	가리키다, 지시하다 / 나타내다, 암시하다
brief	짧은, 간단한 / 요약하다, 설명하다
commence	시작하다 / 착수하다
lower	낮추다, 내리다 / 더 낮은, 하위의
admission	입장 / 입학
browse	훑어보다 / 검색하다
appetite	식욕 / 욕망, 욕구
quality	품질 / 특성, 성질
honor	명예, 영예 / 존경하다, 경의를 표하다
attendance	출석, 참석 / 출석율
defy	반항하다, 도전하다 / 무시하다, 거부하다
condense	간추리다, 요약하다 / 응축하다, 압축하다
readily	쉽게 / 즉시
diversify	다양화하다, 다각화하다 / 다변화하다
purpose	목적, 의도 / 용도
remarkable	눈에 띄는, 주목할 만한 / 놀라운
accuse	비난하다 / 범죄 혐의를 부과하다
coordinate	조율하다, 조정하다 / 협력하다
breakthrough	중요한 발견 / 돌파구, 진전
affiliate	제휴하다 / 계열사, 제휴 기관
aggravate	악화시키다
amend	수정하다, 변경하다 / 개정하다, 보완하다
collateral	담보물 / 부수적인
compulsory	강제된, 의무적인 / 필수의
prosecute	법적으로 기소하다 / 수행하다, 추진하다
promising	전도유망한, 기대되는 / 장래성 있는
volatile	변덕스러운 / 휘발성의
surpass	능가하다 / 초과하다
vulnerable	취약한
subordinate	하위의, 종속적인 / 부하직원, 하급자
incur	비용을 발생시키다 / 손해를 초래하다
overall	전반적인 / 전반적으로, 전체적으로
quota	할당량 / 정량
oversee	관리하다, 감독하다
subsidiary	보조적인, 부수적인 / 자회사
morale	사기, 의욕 / 조직 내의 사기
prolonged	장기적인, 길어진
bid	제안하다, 입찰하다 / 입찰, 제안
recipient	수령인, 받는 사람
mortgage	담보 대출 / 담보로 잡히다
assign	할당하다, 배정하다 / 임명하다, 지정하다
assert	주장하다 / 권리를 강하게 주장하다
convince	설득하다, 납득시키다
allowance	허용량 / 수당
entry	입장, 들어감 / 기재, 기록된 항목
specification	명세서, 사양
consecutive	연속적인
substantial	상당한 / 튼튼한, 단단한
takeover	기업 인수 / 장악, 점령
proprietor	소유주
campaign	캠페인, 운동, 활동 / 캠페인을 벌이다
invaluable	매우 귀중한, 가치를 매길 수 없는
conclude	마무리하다 / 결론을 내리다
secure	안전하게 하다 / 확보하다
fabulous	아주 멋진, 훌륭한 / 터무니없는, 믿기 어려운
agreement	계약, 합의 / 일치, 동의
barely	겨우, 간신히 / 거의 ~않다
objective	목표, 목적 / 객관적인
evaluation	평가
level	수준, 단계 / 평평한, 수평의
colleague	동료
force	힘, 물리력 / 군대, 특정 부대
premier	최고의, 가장 중요한 / 수상, 총리
hostile	적대적인 / 불리한, 위험한
correspond	소통하다, 연락하다 / 일치하다, 상응하다
fund	자금, 기금 / 자금을 제공하다
overlook	간과하다, 무시하다 / 내려다보다
raise	들어올리다 / 수준이나 양을 증가시키다
apply	지원하다 / 적용하다
audit	회계 감사 / 감사하다, 검토하다
accurately	정확하게
bear	견디다, 참다 / 출산하다
consequence	결과, 영향
alliance	동맹, 연합
deter	단념시키다 / 방해하다
liable	책임이 있는 / 하기 쉬운
segment	부분, 조각 / 나누다, 분할하다
initiate	시작하다, 개시하다 / 입문시키다, 가입시키다
initially	처음에, 초기에
contestant	경쟁자, 참가자
substantially	상당히 / 대체로, 주로
automate	자동화하다
pharmaceutical	의약품 / 약학의, 제약의
execute	실행하다 / 법적 문서를 작성하다
instruct	지시하다 / 교육하다
acquaint	알리다 / 익숙하게 하다
overprice	가격을 지나치게 높게 책정하다
pioneer	개척자, 선구자 / 개척하다
distinguished	두드러진, 뛰어난 / 성공적이고 존경받는
clearance	허가 / 정리, 제거
perceive	인식하다, 이해하다 / 느끼다, 감지하다
unify	통합하다, 하나로 만들다
incorporate	포함하다 / 합병하다, 통합하다
dismiss	해고하다 / 일축하다, 무시하다
interoffice	사무실 간의, 회사 내의
leisure	여가, 자유 시간 / 여유로운, 느긋한
suspect	용의자 / 의심하다, 혐의를 두다
graduate	졸업생 / 졸업하다
absurd	터무니없는 / 불합리한
academic	학문적인 / 학자
household	가정 / 가정의, 가정에서 사용하는
proclaim	선언하다, 공표하다 / 알리다, 공언하다
reject	거부하다 / 불합격 처리하다
relative	친척 / 비교적, 상대적인
exaggerate	과장하다
pose	질문을 제기하다 / 포즈를 취하다
bruise	멍, 타박상 / 멍들게 하다, 상처를 주다
primary	주요한, 기본적인 / 초등의, 초기의
administration	관리, 경영 / 정부 기관
agency	대행사, 기관 / 중개, 주선
witness	증인 / 목격하다
layout	배치, 구성
blueprint	설계도, 청사진 / 상세 계획, 계획안
qualified	자격이 있는 / 제한적인, 조건부의
recall	기억해내다 / 회수하다
distributor	유통업자, 배급사 / 배전 장치
verify	확인하다, 검증하다 / 입증하다
restructure	조직 구조를 재편성하다 / 체제를 개혁하다
pier	부두 / 교각
built-in	내장된 / 기본으로 포함된
dock	부두, 선착장 / 정박시키다
court	법정, 재판소 / 궁정, 왕실
burglar	도둑
default	채무 불이행 / 기본 설정
evolve	발전하다, 진화하다 / 점진적으로 변화하다
gourmet	미식가 / 고급의, 미식을 위한
precision	정확성 / 정밀도
thesis	논문 / 주제문, 주요 주장
ventilate	환기하다 / 감정을 표현하다
additive	첨가물 / 부가적인, 첨가하는
dismay	실망, 경악 / 실망시키다, 경악하게 하다
shrewd	기민한, 날카로운
stringent	엄격한
credential	자격증, 신분 증명서 / 학력, 경력
lawsuit	소송
plaintiff	원고, 소송 제기자 / 고소인
showcase	전시하다, 선보이다 / 전시, 진열장
preliminary	예비의, 초기의 / 예비 단계, 준비 단계
dean	학장 / 오랜 경험자, 원로
embezzle	자금을 횡령하다
bureau	부서, 사무소 / 사무 책상, 서랍
resolution	해결, 결의안 / 결심
assent	동의, 찬성 / 동의하다
consciousness	의식, 자각 / 관심, 인식
linguistics	언어학
liquor	증류주, 독한 술
in-house	사내의, 내부의
curator	전시 관장, 큐레이터 / 관리자, 보호자
dense	빽빽한 / 짙은
plunge	급락 / 빠지다, 뛰어들다
bribery	뇌물 수수, 부정행위
forum	토론회, 포럼 / 인터넷 포럼, 게시판
fierce	격렬한, 강렬한 / 사나운, 매우 공격적인
collide	충돌하다, 맞부딪치다
hygiene	위생, 위생관리
lakeshore	호숫가
starve	굶주리다 / ~에 굶주리다, 절실히 필요로 하다
cardholder	카드 소유자
getaway	휴양지, 휴가 장소 / 도망, 탈출
customary	관례적인, 일반적인
pending	아직 미결된, 대기 중인 / ~동안, ~까지
semiconductor	반도체
workforce	노동력
scheme	계획 / 음모
appetizer	전채 요리
packaging	포장, 포장재
stroll	느긋하게 걷다 / 산책, 산보
extravagant	지나치게 비싼, 사치스러운 / 낭비하는, 과도한
lodge	머물다, 숙박하다 / 제기하다
drawback	장애물, 결점
prototype	초기 모델, 원형 / 원형, 시제품
counterpart	상대방, 대응물
knowledgeable	박식한, 잘 아는
janitor	관리인
core	핵심 / 핵심적인
pastor	목사, 성직자
continental	대륙의 / 대륙풍의, 대륙성의
tune	곡, 음악 선율 / 조율하다
feasibility	실현 가능성
vegetarian	채식주의자 / 채식주의자의
coalition	연합, 동맹 / 합병
integration	통합
track	추적하다 / 경로, 선로
theme	주제, 테마
insight	통찰, 이해
housing	주택, 주거 / 숙소, 주거지
nearby	가까운 / 가까이에, 근처에
urge	강력히 권고하다, 촉구하다 / 강한 충동, 욕구
outline	개요, 윤곽 / 개요를 작성하다
particular	특정한 / 특별한
anchor	앵커 / 닻, 정박 장치
competent	유능한, 능숙한 / 적임의, 권한이 있는
hassle	번거로움, 귀찮은 일 / 귀찮게 하다, 괴롭히다
promotional	촉진의, 홍보의
resolve	해결하다 / 결심하다
scatter	흩뿌리다, 흩어지게 하다 / 소량으로 흩뿌리다
downtown	도심, 시내 / 도심의
association	협회, 단체 / 연관성, 관련
retiree	은퇴자, 퇴직자
identify	식별하다, 확인하다 / 찾아내다
proceeds	수익금 / 총액
gather	모으다, 수집하다 / 모이다
reside	거주하다 / 존재하다
light	빛, 조명 / 불을 켜다, 밝게 하다
assured	자신감 있는, 확신한 / 보장된, 안전한
erect	세우다, 건립하다 / 똑바로 선, 직립한
draw	그리다 / 끌다
kit	도구 세트 / 장비 세트
premiere	첫 공개, 초연 / 초연하다, 첫 공개를 하다
dealership	판매 대리점, 판매권 / 대리권
furnace	용광로, 난로
craft	정교하게 만들다 / 수공예, 기술
mind	신경 쓰다 / 꺼리다
artwork	예술 작품 / 삽화, 디자인
remark	발언, 논평 / 주목하다, 언급하다
offend	감정을 상하게 하다 / 범죄를 저지르다
agitate	불안하게 만들다 / 선동하다, 자극하다
cherish	소중히 여기다
curfew	통행금지 / 통금 시간
delineate	상세히 설명하다 / 윤곽을 그리다
dire	심각한, 끔찍한 / 음산한, 무서운
eloquent	웅변의, 설득력 있는
erode	침식되다, 마모되다 / 약화시키다
espionage	첩보 활동 / 스파이 행위
exude	특질이나 감정을 발산하다 / 흘러나오다
founder	창립자, 설립자
odds	확률, 가능성 / 갈등, 의견 차이
inquisitive	호기심이 많은 / 호기심이 강한
dissertation	논문
overturn	뒤집다 / 전복시키다
tardy	늦은, 지연된
undue	부당한 / 지나친, 과도한
vandalize	파손하다 / 훼손하다
vent	배출구, 통풍구 / 감정을 표출하다
placid	조용하고 평온한 / 차분한
ingenious	창의적인, 기발한 / 정교하게 설계된
disturb	방해하다 / 어지럽히다
acquaintance	아는 사람, 지인 / 면식, 친분
provoke	특정 반응을 유발하다 / 화나게 하다
attest	증명하다 / 확인하다
entrust	책임을 맡기다, 위임하다 / 신뢰하고 맡기다
reputable	평판이 좋은
abridge	요약하다, 단축하다
roam	돌아다니다, 방황하다
scary	무서운, 두려운 / 겁을 주는
compost	퇴비 / 퇴비로 만들다
criteria	기준, 조건 / 단일 기준
transmission	전송, 전파 / 전달, 전달력
disapprove	반대하다 / 승인하지 않다
restructuring	구조 조정, 개편
repression	억압 / 감정의 억제
treadmill	런닝머신 / 반복적이고 지루한 일상
portion	부분 / 1인분
further	추가적인 / 더 나아가, 더 멀리
settlement	합의, 해결 / 정착지
discretion	신중함 / 재량, 자유 재량권
prominently	눈에 띄게
construe	해석하다, 이해하다
meanwhile	그 동안에
reparation	배상, 보상 / 수리, 수선
scare	겁주다, 놀라게 하다 / 공포, 흠칫 놀람
daunting	주눅 들게 하는, 벅찬
marginally	아주 조금, 미미하게
schooling	정규 교육 / 훈련
frequency	빈도 / 주파수
override	무시하다 / 기각하다
showroom	전시실, 전시장
broadband	고속 인터넷 / 광역 통신망의
dreadfully	무서운 정도로, 몹시
reassurance	안심
oppression	억압
dreadful	무서운, 끔찍한
conspire	공모하다, 음모를 꾸미다 / 함께 일어나다
deed	행위, 업적 / 법적 문서, 증서
entry-level	초급의
alumnus	남성 졸업생
buyout	매수
sanctions	제재 / 허가하다, 승인하다
skewed	편향된, 왜곡된
conscription	징병
altercate	말다툼하다, 언쟁하다
usage	사용량, 용법 / 이용 빈도
distress	심한 고통, 괴로움 / 괴롭게 하다
approximate	대략적인 / 대략적으로 추정하다
financing	자금 조달
credibly	신빙성 있게
organization	조직, 단체 / 구성, 체계
viciously	잔인하게 / 악의적으로
deteriorative	악화시키는 / 악화되다
prevent	막다, 방지하다
strain	긴장, 압박 / 무리하게 사용하다, 긴장시키다
revitalize	새로운 활력을 주다 / 재활성화하다
bonanza	노다지, 대박 / 풍부한 원천
publicize	공개하다 / 홍보하다
enforcement	집행, 시행
assertiveness	단호하게 주장하는 능력 / 단호함
proactive	사전 예방적인
advancement	진보, 발전 / 승진
bin	쓰레기통 / 저장 용기
chapter	책의 장, 단원 / 특정 시기
undesirable	원하지 않는, 바람직하지 않은
ground	땅, 지면 / 기반, 기초
corresponding	일치하는 / 관련 있는
curbside	도로 경계선 근처
sanitation	위생 / 위생 시설
against	반대하여 / 맞서서
bag	가방 / 획득하다
outlying	외곽의, 멀리 떨어진
re-energize	새로운 활력을 주다
exemption	면제, 예외 / 특례, 특별 허가
high-profile	세간의 이목을 끄는, 유명한 / 고위직의, 중요한
publicist	홍보 전문가, 홍보 담당자
forgiveness	용서
shaft	회전축 / 수직 통로
outsource	외주를 주다, 외부에 위탁하다 / 외부 자원을 이용하다
horseplay	장난, 거친 놀이
encase	감싸다, 둘러싸다
amphitheater	원형 경기장 / 계단식 좌석의 대형 공연장
hiatus	중단, 휴식
reconvene	다시 모이다 / 회의를 재개하다
perennial	다년생의 / 지속적인, 영구적인
cheer	환호하다, 응원하다 / 환호, 응원
congregate	모이다 / 모인
stellar	별의 / 우수한
phenomenal	경이적인, 놀라운 / 경이로운
admittedly	인정하건대
admittance	입장, 허가
defection	탈주
acting	연기 / 대행하는, 임시의
plainly	명확하게, 분명히 / 솔직하게
concretely	구체적으로
inarticulate	표현을 잘하지 못하는 / 발음이 명확하지 않은
advantageous	유리한, 유익한 / 이점이 있는
winning	이긴, 승리한 / 승리, 성공
dresser	서랍장 / 의상 담당자
likelihood	가능성 / 확률
eccentricity	특이함, 기이함
admirably	감탄할 정도로 / 칭찬할 만하게
substantiate	증명하다
sever	절단하다 / 관계를 끊다
sensible	합리적인, 분별 있는 / 지각 있는, 감각이 있는
economize	절약하다, 아끼다
preconditioned	미리 조건이 맞춰진, 사전 조정된
indistinctly	분명하지 않게
discussion	논의, 토론
procession	행렬, 행진 / 연속
proscription	금지 / 제명
vet	수의사 / 철저히 조사하다
amid	~의 한가운데에 / ~에 둘러싸여
disreputable	평판이 좋지 않은
tad	약간, 조금 / 약간, 조금
ferocity	격렬함, 사나움, 잔인함 / 맹렬함
intent	의도, 목적 / 몰두한, 열중한
prioritize	우선순위를 정하다 / 우선권을 부여하다
accentuate	강조하다 / 두드러지게 하다
mailer	우편 발송물 / 우편물 수발자
understated	절제된, 과장되지 않은 / 과소평가하다
communal	공동의, 공유의 / 공공의, 공용의
encrusted	껍질로 덮인 / 오물 등으로 덮인
whereabouts	행방, 소재 / 어디쯤, 어느 곳에
notify	통지하다, 알리다
explicitly	명확하게 / 분명히
implausible	사실일 것 같지 않은
acutely	심하게, 몹시 / 강하게, 예리하게
repudiation	거부, 거절 / 부인
inconceivable	상상할 수 없는 / 이해할 수 없는
gratifyingly	기쁘게도
openness	개방성 / 솔직함
mature	성숙한 / 완전히 성장한
repetition	반복
intrusive	끼어드는, 방해하는 / 강요하는 듯한
wing	날개 / 날다, 날아가다
craftsmanship	장인 정신, 솜씨
sonic	소리의, 음파의
generalize	일반화하다 / 전반적인 결론을 이끌어내다
implicate	연루시키다 / 암시하다
downplay	사소하게 여기다 / 중요성을 낮추다
naturally	자연스럽게 / 당연히, 물론
navigate	길을 찾다, 항해하다 / 탐색하다, 검색하다
comprehend	이해하다 / 포함하다
perspective	관점, 시각
photography	사진술, 사진 기술 / 사진 촬영
mastery	숙달, 완전한 이해 / 지배, 통제
representation	표현, 설명 / 대표, 대변
aesthetics	미적 감각 / 미학
repay	돈을 갚다 / 보답하다
repute	평판, 명성 / 평가하다, 간주하다
inevitability	불가피함, 피할 수 없음
high-rise	고층의 / 고층 건물
stream	흐름, 시내 / 흐르다
inland	내륙의 / 내륙으로
entries	참가자 목록, 항목 / 입력, 출입
paralegal	변호사 보조원
kiosk	키오스크, 작은 매점
abundance	풍부함
refrigeration	냉각, 냉장
patented	특허를 받은 / 특허를 받다
estimation	추정 / 견적
scam	사기 / 사기 치다
lodging	숙박, 숙소 / 임시 주거
fleet	차량이나 선박의 무리 / 함대, 전대
cramped	좁고 불편한 / 응축된, 불편하게 배열된
approach	접근, 접근법 / 접근, 방문
rehearse	연습하다, 시연하다 / 되풀이하다, 반복해서 말하다
heed	주의하다, 경청하다 / 주의, 유의
headhunting	인재 스카우트
credibility	신뢰성
decisively	결정적으로 / 명확하게
impractical	실용적이지 않은 / 실용적이지 않음
accent	강세, 억양 / 장식적 포인트, 강조
descendant	자손, 후손 / 하강하는 것
damages	손해 배상금 / 손해, 피해
disclaimer	책임 거부문
tighten	조이다 / 엄격하게 하다
specify	명확히 하다, 명시하다
on-site	현장에서 / 현장의
chaperone	보호자, 동반자 / 보호자로서 동행하다
overhear	엿듣다, 우연히 듣다
intensely	강렬하게
foothill	작은 산, 산기슭의 언덕
irritate	짜증나게 하다 / 자극하다
superconductor	초전도체
handling	처리, 취급 / 조작, 운전
gala	축제 행사, 특별한 연회
infraction	위반, 침해
afford	경제적 능력이 되다 / ~할 여유가 있다
troublesome	골칫거리인, 문제를 일으키는
spot	점, 얼룩 / 장소, 지점
indentation	들여쓰기, 움푹 들어간 자국 / 뒤를 잇다
assurance	확신, 보증 / 자신감, 확신
harnessing	활용하다 / 장착하다
blimp	비행선 / 튼실한 사람
generator	발전기, 발생기 / 발생시키다
teambuilding	팀 구성 활동 / 팀 단결
long-standing	오랜 기간 지속된 / 오랫동안 존재해 온
entrant	참가자 / 신입사원
trailer	트레일러, 견인차 / 영화 예고편
campground	캠핑장 / 야영지
frisbee	프리스비, 원반 / 프리스비를 던지다
roster	명단, 목록 / 근무표
subtotal	소계, 부분합
accusation	고발, 비난
question	질문 / 의문을 제기하다
noble	귀족의, 고귀한, 숭고한 / 귀족
undertaking	중요한 일, 프로젝트 / 약속, 보증
first-hand	직접의, 직접 얻은 / 직접적으로
formality	형식성, 절차
securities	증권, 유가증권 / 보안, 안전
suddenness	갑작스러움
mediator	중재자 / 교섭자, 매개자
oratorical	연설의, 웅변의 / 연설적인
outsell	더 많이 팔리다
geologist	지질학자
doctoral	박사 학위와 관련된
imaginative	창의적인 / 독창적인
thoughtful	사려 깊은 / 생각에 잠긴
willingness	기꺼이 하려는 의지
reverend	존경받는, 귀하신 / 성직자, 목사
pursuant	~에 따른 / ~에 준하여
magistrate	치안 판사, 지방 판사
materially	현저하게, 상당히
underhanded	비밀스럽고 정직하지 않은 / 비열한
deceitful	기만적인, 속이는
premature	너무 이른, 시기상조의 / 미숙한, 조숙한
interaction	상호작용, 의사소통
flick	빠르게 치다 / 가볍게 때리다
seductive	유혹적인, 매력적인
optical	시각의 / 광학의, 광학 장비와 관련된
install	설치하다 / 취임시키다
proprietary	특허의, 독점적인 / 소유주의, 소유권의
bass	저음, 베이스 / 저음 악기, 베이스 기타
dynamite	다이너마이트, 폭발물 / 강력한 효과를 주는 것
stunning	매우 아름다운, 놀라운 / 놀랄 만한, 충격적인
deceased	사망한, 고인이 된 / 고인, 사망자
troubleshooter	문제 해결사
advise	충고하다, 조언하다
reassign	재할당하다 / 재지정하다
verification	확인, 검증
COO	최고운영책임자 / 경영진
commend	칭찬하다 / 추천하다
conciliatory	화해적인
non-committal	애매한, 확답을 주지 않는
bearer	소지인 / 운반인, 전달자
recklessness	경솔함, 무모함
diner	작은 식당 / 식사하는 사람
ambiance	분위기
world-renowned	세계적으로 유명한
ballroom	무도회장
regulatory	규제의, 규제 관련된
consolidation	통합 / 강화
slowing	속도를 늦추다 / 느린
inclination	경향, 성향 / 기울기
ill-equipped	준비가 부족한 / 장비가 부족한
gleaming	반짝이는, 빛나는 / 반짝이다
horrendous	끔찍한
move	움직이다, 이동하다 / 행동을 취하다, 조치를 취하다
spin-off	파생 회사, 파생 제품
distraught	몹시 화가 난, 정신없는
exasperate	화나게 하다
finely	아주 세밀하게 / 정교하게
grossly	엄청나게, 현저히
clarity	명확성, 명료함
clipping	잘라낸 조각, 스크랩 / 자르다, 깎다
paper	신문 / 논문
forthcoming	다가오는, 곧 있을 / 준비된, 마련된
imitation	모방, 흉내 / 모조의, 가짜의
freshman	신입생
junior	연소자 / 하급자의, 하위의
ashamed	부끄러워하는
pillow	베개
awful	매우 나쁜, 불쾌한
uncomfortable	불편한 / 불쾌한
disappoint	실망시키다
bud	싹 / 싹이 나다, 발아하다
normally	보통, 일반적으로 / 평소에
relax	긴장을 풀다 / 느슨하게 하다
dumb	말을 하지 않는 / 어리석은
crush	눌러 부수다 / 강한 감정, 호감
denial	부인, 거부 / 거절
refill	다시 채우다, 보충하다 / 리필, 재주입
outer	외부의, 바깥쪽의
penny	1센트 동전 / 작은 금액
sensitive	감각이 예민한 / 감정에 쉽게 영향을 받는
length	길이 / 기간, 시간의 길이
oven	오븐 / 고온의 환경
close	가까운 / 절친한
exist	존재하다 / 계속되다
annoy	짜증나게 하다 / 불편하게 하다
pale	창백한 / 색이 바랜
principle	원칙, 규칙 / 기초 원리
sell	팔다 / 설득하다, 받아들이다
popularity	인기 / 대중성
population	인구 / 개체 수
disease	질병, 병
farm	농장 / 농사를 짓다
flow	흐르다, 이동하다 / 계속 이어지다, 진행되다
hole	구멍 / 결점
loyal	충성스러운
elect	선출하다 / 당선된
sum	총계, 합계 / 금액
straight	일직선의 / 곧장
brake	브레이크, 제동 장치 / 멈추다, 속도를 줄이다
wear	착용하다 / 닳다, 마모되다
cloud	구름 / 흐리게 하다
thigh	허벅지
weak	힘이 약한 / 설득력 없는
steel	강철 / 마음을 단단히 먹다
stair	계단의 단 / 계단
waist	허리
root	뿌리 / 근본, 원천
pain	신체적 고통, 통증 / 정신적 고통, 괴로움
sound	소리 / 확실한, 타당한
believe	믿다 / 생각하다
defeat	패배시키다 / 패배
confuse	혼란스럽게 하다 / 혼동하다
job	일자리, 직업 / 과제, 작업
spray	분사하다, 뿌리다 / 분무, 분사
episode	사건, 일화 / 시리즈의 한 회
wool	양털, 털실 / 양모, 털직물
data	정보, 자료 / 통계, 기록
cook	요리사 / 요리하다
network	네트워크, 연결망 / 관계망을 만들다
select	선택하다 / 엄선된
bottom	맨 아래 부분 / 최하위의
communication	의사소통, 전달 / 소통 수단, 정보 전달 시스템
scandal	스캔들, 추문 / 중상모략, 험담
apartment	아파트
warning	경고 / 경고의
contest	대회, 경연 / 경쟁하다
imagine	상상하다 / 추측하다
language	언어 / 표현 양식
meeting	회의, 모임 / 만남
chief	우두머리, 최고위자 / 주요한, 주된
concept	개념 / 발상
novel	장편 소설 / 새로운, 신기한
veil	베일, 가리개 / 감추다, 가리다
quit	그만두다 / 포기하다
option	선택 사항 / 계약상의 선택권, 옵션
equal	동등한 / 동등한 사람 또는 것
difficulty	어려움, 곤란 / 문제
insist	강력히 주장하다 / 고집하다
nervous	불안해하는, 긴장한 / 신경의, 신경계통의
glory	영광, 명예 / 자랑스럽게 여기다
pure	순수한, 불순물이 없는 / 순수한, 진정한
mode	방식, 방법 / 모드, 형태
actual	실제의, 현실의 / 본래의, 고유의
teenage	10대의
parade	퍼레이드, 행진 / 자랑스럽게 보이다, 과시하다
lazy	게으른 / 느린, 여유로운
ambulance	구급차, 앰뷸런스
smooth	매끄러운 / 문제 없는, 순조로운
plastic	플라스틱 / 유연한, 형태가 변할 수 있는
stranger	낯선 사람 / 처음 방문한 사람
profile	개요, 인물 소개 / 신상 명세를 작성하다
fiction	허구 / 소설
whistle	호루라기 소리 / 휘파람을 불다
recognize	알아보다 / 인정하다
sensor	센서, 감지기
wit	재치, 기지
license	면허, 허가 / 허가하다
shutter	셔터, 덧문 / 셔터를 닫다
mud	진흙, 흙탕물 / 비방, 중상
fan	환기 장치, 선풍기 / 열렬한 팬, 지지자
funny	웃기는, 재미있는 / 이상한, 기묘한
restroom	화장실
invest	투자하다 / 시간, 노력 등을 쏟다
shy	부끄러워하는, 수줍어하는 / 부족한
homemade	집에서 만든 / 직접 만든
selfish	이기적인
deaf	청각 장애가 있는 / 귀를 기울이지 않는
cement	시멘트 / 강화하다, 결합시키다
exam	시험 / 검사, 조사
various	다양한
doubt	의심, 의구심 / 의심하다
lonely	외로운 / 인적이 드문
liquid	액체 / 유동성 있는, 액체의
gas	연료로 사용되는 가스 / 기체 상태의 물질
insect	벌레, 곤충
delight	큰 기쁨, 즐거움 / 기쁘게 하다
serving	1인분 / 봉사
interview	면접 / 인터뷰, 대담
oxygen	산소
equator	적도
interior	내부, 실내 / 내부의, 실내의
universal	전 세계적인, 보편적인 / 만인에게 해당하는
palm	손바닥 / 야자나무
mosquito	모기
gravity	중력 / 심각성, 중대성
arithmetic	산수, 계산 / 산수의, 산술적인
tissue	조직 / 휴지, 종이타월
radiator	난방기 / 냉각기
vibration	진동 / 감정의 전율
agriculture	농업
peninsula	반도
smash	깨다, 부수다 / 성공시키다, 대박을 터트리다
internal	내부의
terror	극도의 두려움, 공포 / 테러리즘
density	밀도, 농도
intelligence	지능 / 정보, 기밀
curiosity	호기심, 궁금증 / 신기한 것, 진기한 것
oyster	굴, 조개류 / 비밀스럽게 정보를 은폐하는 사람
debt	빚, 부채 / 채무 상태
rectangle	직사각형
judgment	판단, 평가 / 판결, 법적 판결
explain	설명하다, 해명하다
deadly	치명적인 / 극도로, 매우
decay	부패하다 / 부패, 쇠퇴
stray	길을 잃다, 벗어나다 / 길 잃은 사람이나 동물
cultural	문화의, 문화적인
square	정사각형 / 광장
energetic	에너지가 넘치는, 활기찬
suspense	긴장감, 불안 / 불확실성, 미정
congress	의회, 국회 / 회의, 대회
sink	가라앉다 / 낮아지다, 약해지다
tidy	깔끔한, 정돈된 / 정리하다
lifetime	일생, 평생 / 평생의, 종신의
alarm	경보, 경보장치 / 놀람, 불안
personality	성격, 인격 / 유명인
friendly	친근한, 우호적인 / 적합한, 알맞은
breakdown	고장 / 분석, 세부 내역
wastepaper	쓸모 없어진 종이
illegal	불법적인 / 불법 체류자, 불법 행위자
bark	나무 껍질 / 짖는 소리
remote	먼 / 가능성이 낮은
satisfy	충족시키다 / 만족하게 만들다
terrific	훌륭한 / 엄청난, 굉장한
exhausted	매우 지친, 기운이 다 빠진 / 다 써버린
evident	명백한 / 두드러진, 눈에 띄는
artistic	예술적인
isolation	고립, 분리
endurance	인내, 끈기
vicious	악의적인 / 사나운, 공격적인
firecracker	폭죽
gloomy	어두운, 흐린 / 우울한, 암울한
batter	반죽 / 강타하다
clash	충돌, 격돌 / 충돌하다, 격돌하다
shatter	산산조각 내다 / 좌절시키다
herd	동물의 무리 / 동물을 몰다, 이끌다
carve	조각하다, 새기다 / 고기를 썰다
yearn	열망하다
foam	거품, 포말 / 거품이 일다
saw	보다의 과거형
sow	씨를 뿌리다 / 아이디어나 감정을 퍼뜨리다
sufficient	충분한
bald	머리가 벗겨진 / 노골적인, 꾸밈없는
glow	빛나다, 밝게 빛을 발하다 / 건강하게 보이다
rot	썩다, 부패하다 / 부패, 썩은 것
collect	모으다 / 징수하다
fright	두려움, 공포 / 겁을 주다
flame	불꽃 / 타오르다
frank	솔직한 / 노골적인
rid	없애다, 제거하다
limb	사지 / 큰 가지
rim	가장자리, 테두리 / 가장자리를 둘러싸다
bloom	개화, 전성기 / 꽃이 피다
youth	젊음 / 청년, 젊은이들
faith	신뢰, 믿음 / 신앙
sin	도덕적 또는 종교적 죄악 / 죄를 짓다
imaginary	상상의, 가공의
soak	담그다 / 흠뻑 적시다
criminal	범죄자, 범인 / 범죄의, 형사상의
thumb	엄지손가락 / 대충 읽다, 훑어보다
shave	깎다 / 시간, 비용 등을 줄이다
siege	포위 / 지속적인 공격
seize	붙잡다 / 압수하다
breathe	숨을 쉬다 / 한숨을 쉬다
impatient	조급한 / 참을성 없는
lessen	줄이다, 완화하다
heir	상속인 / 계승자
hoarse	목이 쉰
plain	명확한, 분명한 / 단순한, 꾸밈없는
flour	밀가루 / 밀가루를 뿌리다
dye	염료, 염색제 / 염색하다
turbulence	기류 / 혼란
tale	이야기, 설화
seed	씨, 씨앗 / 시작, 기초
cell	작은 방, 감옥의 작은 방 / 세포
route	경로, 길 / 방법, 방식
recommend	추천하다, 권장하다
bury	땅에 묻다 / 감추다, 은폐하다
male	남성, 남자 / 남성의, 남자의
sole	유일한, 단 하나의 / 신발의 밑창
serious	진지한 / 중대한, 심각한
redundant	과잉의, 여분의 / 정리 해고된
idle	일을 하지 않는, 한가한 / 게으른
tension	긴장 상태 / 물리적인 장력
renounce	포기하다, 단념하다 / 공식적으로 관계를 끊다
painful	고통스러운 / 힘든, 괴로운
long	길다 / 오랜 시간 동안
mean	의미하다 / 의도하다
room	방 / 공간
soil	토양, 흙 / 국가, 영토
row	줄, 열 / 노를 젓다
pitcher	주전자 / 투수
spark	불꽃, 스파크 / 촉발하다, 유발하다
tackle	문제를 해결하다 / 상대를 잡아 넘어뜨리다
utter	말하다 / 완전한, 절대적인
government	정부 / 통치 체계
tragedy	비극
pollute	오염시키다
assumption	가정 / 맡음, 인수
nationality	국적 / 민족성
liberate	해방시키다
diplomacy	외교, 외교술
sociable	사교적인 / 사교적인 사람
manipulate	조작하다 / 교묘하게 다루다
tolerate	견디다, 참다 / 너그럽게 받아들이다
captivate	마음을 사로잡다 / 매혹시키다
prosecution	기소, 소추
marketplace	시장, 장터, 거래소
distinct	뚜렷한, 명확한 / 별개의
proceedings	절차, 진행 / 회의록, 기록
capture	포획하다, 붙잡다 / 관심을 끌다, 매료시키다
massive	거대한, 엄청난
gain	얻다, 확보하다 / 체중이나 속도가 증가하다
grasp	이해하다 / 단단히 잡다
export	수출하다 / 수출
barrier	장벽 / 장애물
pleasant	즐거운, 기분 좋은 / 상냥한, 친절한
vision	비전, 목표 / 시력
employer	고용주
introduction	소개, 도입 / 서론, 도입부
column	기둥 / 정기 기고란
classical	고전적인 / 고전 음악의
glue	접착제 / 접착하다, 붙이다
inferior	질적으로 낮은 / 하급자
flashlight	손전등
nickel	5센트 동전 / 화학 원소 니켈
absorb	흡수하다 / 정보 등을 받아들이다
freeway	고속도로
unemployed	실직한, 직업이 없는
handy	유용한, 편리한 / 가까이에 있는
interviewee	인터뷰 대상자
dime	10센트 동전
burden	부담, 짐 / 부담을 주다, 짐을 지우다
endure	견디다 / 지속되다
offer	제공하다, 제안하다 / 제안, 제공
upward	상향하는 / 위쪽으로
wallet	지갑
cooperate	협력하다 / 협조하다
mass	덩어리, 집합체 / 대량의, 대규모의
role	역할, 임무
blue-chip	우량한, 신뢰할 만한
shopper	쇼핑객, 구매자 / 평가 목적으로 상점을 방문하는 사람
terrible	끔찍한 / 매우 나쁜
midday	정오
respectable	존경할 만한, 품위 있는 / 평판이 좋은
harbor	항구, 피난처 / 숨기다, 보호하다
crossing	교차로 / 횡단보도
curious	알고 싶어 하는, 궁금해 하는 / 이상한, 특이한
memorize	외우다, 기억하다
prominence	중요성, 두드러짐
theory	이론 / 가설, 추측
worthwhile	가치 있는 / 시간과 노력을 들일 만한
meaningful	의미 있는
unbelievable	믿기 어려운, 놀라운
automaker	자동차 제조업체 / 자동차 회사
complain	불평하다 / 불만을 제기하다
evidence	증거 / 증명하다
nowadays	요즘, 현재
tight	단단한, 꽉 끼는 / 시간이 촉박한
briefcase	서류가방, 서류첩
billion	십억 / 10억의
postmark	소인 / 소인을 찍다
beside	옆에 / 관련 없는
interpersonal	대인관계의 / 대면의
amusing	재미있는 / 즐거운
amazing	굉장한, 놀라운
carpenter	목수
barbershop	이발소
newsletter	소식지
tradition	전통, 관습 / 구전, 전해내려오는 이야기
bumpy	울퉁불퉁한 / 순탄치 않은
observation	관찰 / 주목한 사실이나 의견
explore	탐험하다 / 조사하다
proper	적절한, 올바른 / 정확한
determined	확고한, 단호한 / 결심한
even	평평한, 고른 / 심지어, ~조차도
intelligent	지적인, 지능이 높은 / 정보를 처리하는 능력의
punish	처벌하다
subtle	미묘한, 감지하기 힘든 / 세련된, 교묘한
former	이전의 / 첫 번째의
tendency	성향, 경향 / 추세, 동향
decision-maker	결정권자
greed	탐욕
gradually	점진적으로, 서서히
collaboration	협력 / 공동 작업, 공동 연구
theft	도둑질, 절도
candid	솔직한
lottery	복권, 추첨 / 운에 의존하는 행사
latter	둘 중 후자의 / 순서상 마지막의
resistance	저항, 반대
width	폭, 너비 / 넓이, 범위
voluntary	자발적인 / 무보수의
counselor	상담사 / 조언자, 법률 고문
requisition	정식 요청 / 정식으로 요청하다
disgusting	혐오스러운, 불쾌한
cultivate	재배하다 / 관계를 키우다
loaf	빵 한 덩어리 / 빈둥거리다
relate	관련되다 / 이해하다
considerate	배려 깊은, 신경을 쓰는
detect	감지하다, 발견하다 / 알아차리다, 인지하다
glance	잠깐 훑어보다 / 흘긋 쳐다보다
extent	범위, 정도 / 규모
dependent	의존하는 / 부양가족, 피양육자
abrupt	갑작스러운 / 무뚝뚝한, 퉁명스러운
perfume	향수 / 향기
explode	폭발하다 / 갑자기 크게 일어나다
interpret	해석하다 / 설명하다
possession	소유, 소유물 / 점유
adapt	적응하다 / 맞추다, 변경하다
conquest	정복 / 승리
blame	비난하다, 탓하다 / 비난, 책임
iron	철, 철분 / 다림질하다
distinguish	구별하다, 식별하다 / 돋보이게 하다
restless	잠잠하지 못한, 불안한 / 끊임없이 움직이는
poison	독 / 중독시키다
upright	수직의, 똑바로 선 / 올바른, 정직한
wrist	팔목
poverty	가난, 빈곤 / 결핍, 결여
amusement	즐거움 / 오락
shorten	줄이다
plaster	회반죽 / 반창고
earnest	진지한, 진정한 / 성실한
boast	자랑하다, 뽐내다 / 자랑거리
scope	범위 / 기회, 여지
conviction	신념, 확신 / 유죄 판결
hatred	증오 / 혐오
uneasy	불안한 / 불편한
envy	부러움, 질투 / 부러워하다, 질투하다
swear	맹세하다 / 욕설을 하다
contempt	경멸, 무시
scar	흉터, 상처 / 흉터를 남기다
coward	겁쟁이
offspring	자손, 후손 / 결과물, 산물
mercy	연민, 자비
hug	껴안다 / 껴안기
domain	영역, 분야 / 도메인, 인터넷 주소
alien	외국인 / 외계인
token	표시, 증표 / 기념품
nasty	불쾌한, 고약한 / 형편없는
sober	술에 취하지 않은 / 진지한
mandate	명령, 지시 / 권한을 부여하다, 위임하다
fuss	쓸데없는 소란 / 지나치게 신경 쓰다
infant	아기, 영유아
freelance	프리랜서 / 프리랜서로 일하다
naughty	말썽꾸러기의, 장난꾸러기의
passive	수동적인, 소극적인 / 무저항의, 받아들이는
neighboring	인접한
intolerable	참을 수 없는
allege	주장하다 / 혐의를 제기하다
momentary	순간적인 / 일시적인
deceive	속이다 / 오해하게 하다
hospitable	친절한, 환대하는
quicken	속도를 높이다 / 활기를 띠게 하다
temptation	유혹 / 충동
spokesperson	대변인, 대표
multiple	다수의, 다양한 / 배수
conditional	조건부의 / ~에 달린
punctual	시간을 엄수하는
imbalance	불균형
presume	추정하다, 간주하다 / 억측하다
short-cut	지름길, 빠른 길 / 지름길로 가다
second-hand	중고의 / 간접적인
straightforward	직설적인 / 간단명료한
cholesterol	콜레스테롤 / 혈중 지질
infection	감염, 질병
changeable	변하기 쉬운 / 교체할 수 있는
anticipation	기대, 예상 / 미리 준비함
rust	녹 / 녹슬다
bare	노출된, 맨 / 최소한의
lust	강한 욕망 / 강하게 원하다
fate	운명 / 결과, 결말
consulate	영사관 / 영사의 직책 또는 임기
ruin	폐허, 유적 / 파괴하다, 망치다
register	등록하다 / 기록하다
destroy	파괴하다 / 완전히 없애다
breed	번식하다 / 양육하다, 기르다
literally	문자 그대로 / 과장 없이, 실제로
cease	중단하다 / 그만두다
vanish	사라지다
sacrifice	희생, 헌신 / 희생하다, 바치다
stare	응시하다 / 응시
period	기간, 시기 / 시대
abstract	추상적인 / 요약, 개요
rescue	구조하다, 구출하다 / 구조, 구출
transport	수송하다, 운송하다 / 수송, 운송
successive	연속적인
emphasize	강조하다 / 두드러지게 하다
fruitful	성과가 있는, 결실 있는 / 풍부한, 다산의
magnificent	웅장한, 장엄한 / 훌륭한, 뛰어난
dedicate	바치다, 헌신하다 / 시간, 노력을 쏟다
routine	일상, 일과 / 정기적인, 일상적인
descend	내려가다, 하강하다 / 혈통에서 내려오다
therapy	치료, 요법 / 심리 치료
fairly	꽤, 상당히 / 공정하게
debate	토론, 논쟁 / 토론하다, 논의하다
fundamental	기본적인, 근본적인 / 기본 원리, 근본
ban	금지하다 / 금지
defect	결함, 하자 / 배반하다, 망명하다
bankrupt	파산한 / 파산시키다
overtake	앞지르다 / 능가하다
treatment	치료 / 처우, 대우
volunteer	자원봉사자, 지원자 / 자발적으로 하다, 자원하다
convention	회의, 대회 / 관습, 풍습
security	안전, 보안 / 재무적 보안
cargo	화물, 운송물 / 수화물
intersection	교차로, 교차 지점
anxious	걱정하는, 불안해하는 / 열망하는, 간절히 바라는
rectify	문제나 실수를 바로잡다, 수정하다
budget	예산 / 예산을 세우다
corporation	기업, 법인 / 협회, 단체
fare	교통 요금 / 음식
committee	위원회
union	조합 / 연합
device	장치, 기구 / 계략, 방책
asset	자산 / 귀중한 것, 사람
examine	조사하다 / 진찰하다
reimburse	환급하다, 변제하다
shipment	배송, 발송
polish	광택 / 광택을 내다
stationery	편지지와 사무용품
branch	나뭇가지 / 지점, 지사
missing	사라진, 분실된 / 부재중인, 결석한
malfunction	고장, 오작동 / 고장 나다, 오작동하다
innovative	혁신적인, 창의적인
dramatically	극적으로, 눈에 띄게 / 매우 인상적으로
narrow	좁은 / 좁히다, 줄이다
overhead	간접비, 고정비 / 머리 위의
unoccupied	사람이 살지 않는, 차지되지 않은 / 사용되지 않는
division	분할, 분배 / 부서, 학과
contact	연락, 접촉 / 연락하다
agree	동의하다 / 협의하다, 합의하다
calculate	계산하다 / 예측하다
aspect	측면, 관점 / 문법의 동작상
auction	경매 / 경매에 부치다
rate	비율 / 요금
face	직면하다 / 얼굴
alter	변경하다 / 조정하다
wage	임금, 월급 / 전쟁 등을 벌이다
official	공무원, 관리 / 공식적인
contract	계약서 / 계약을 체결하다
impression	인상, 느낌 / 영향, 충격
strike	치다, 때리다 / 파업하다
elaborate	자세히 설명하다 / 정교한, 복잡한
installment	할부금 / 한 회분, 한 편
acclaim	공개적으로 칭찬하다 / 칭찬, 환호
obsolete	더 이상 사용되지 않는, 구식의 / 구식이 되게 만들다
deteriorate	악화되다
thoroughly	철저하게
seasonal	계절적인 / 계절에 따른
board	위원회 / 판자, 널빤지
match	경기, 시합 / 어울리는 것, 짝
payroll	급여 명부 / 급여 총액
enroll	등록하다, 가입하다 / 병적에 편입시키다
memorandum	메모, 회람 / 각서, 약정서
auditorium	강당, 회관
mutual	상호적인 / 공동의
argue	토론하다, 논쟁하다 / 주장하다
insult	모욕 / 모욕하다
shrink	크기가 줄어들다 / 겁을 먹다, 움츠러들다
oppressive	억압적인, 압제적인 / 답답한, 숨 막히는
currency	통화, 화폐 / 널리 받아들여짐, 통용
proficient	능숙한, 유능한 / 뛰어난, 숙달된
premium	보험료 / 할부 수수료
survey	설문조사 / 조사하다, 검사하다
recruit	채용하다 / 신입 회원, 신입 직원
inflation	인플레이션, 물가 상승
deficit	결손, 적자 / 부족
declare	선언하다, 발표하다 / 세관 신고하다
petition	청원서, 탄원서 / 청원하다, 탄원하다
entail	수반하다 / 필요로 하다
expenditure	지출, 비용
portfolio	포트폴리오, 작품 모음집 / 서류첩
react	반응하다, 대응하다
prohibit	금지하다 / 제한하다
satellite	인공위성 / 위성 도시
outfit	의상, 복장 / 장비, 도구
numerous	많은
gauge	계기, 측정기 / 측정하다
forecast	예측하다, 예보하다 / 예측, 예보
stir	섞다 / 자극하다
largely	대부분, 주로 / 대체로, 거의
slightly	약간, 조금 / 별로, 그렇게 많이
eventually	결국, 최종적으로
capable	능력이 있는, 할 수 있는
considerable	상당한
superior	우수한, 뛰어난 / 상급자, 상사
exception	예외 / 특례
commodity	상품, 생필품 / 원자재
notification	통지, 알림
presumably	아마도, 추측건대
cite	참조하다, 인용하다 / 이유로 들다
comprehensive	포괄적인 / 종합적인
dilute	희석하다, 묽게 하다 / 묽어진, 희석된
incidental	부수적인, 우발적인 / 부수적인 것, 우발적인 사건
lucrative	수익성이 좋은
marginal	사소한, 미미한 / 가장자리의, 경계에 있는
monopoly	독점
precipitation	강수량 / 침전
drape	걸치다 / 주름, 덮개
relatively	비교적, 상대적으로 / 꽤, 상당히
wane	감소하다, 약해지다 / 감소, 쇠퇴
confirmation	확인, 확증 / 승인
allocate	할당하다 / 배분하다
disperse	흩어지다 / 퍼뜨리다
custody	양육권 / 보호
sufficiently	충분히
lax	느슨한, 엄격하지 않은 / 허술한, 부주의한
particularly	특히 / 특별히
remittance	송금 / 송금액
expedite	신속히 처리하다 / 촉진하다
compatible	호환 가능한 / 양립할 수 있는
conjunction	연결사, 접속사 / 결합, 동시 발생
irrelevant	관련 없는
skilled	숙련된 / 능숙한
live	살다 / 생방송으로 방송되다
apparel	의류, 옷
properly	적절하게, 제대로 / 맞게
compensate	보상하다, 배상하다
announcement	공지, 발표 / 방송, 공고
forfeit	몰수당하다, 잃다 / 벌금, 몰수된 것
gratuity	팁, 봉사료 / 퇴직금
inherently	본질적으로
realistically	현실적으로 / 실제적으로
unanimous	만장일치의 / 모두의 동의를 받는
confiscate	압수하다, 몰수하다
procrastinate	미루다, 지연시키다
normal	일반적인, 평범한 / 정상적인 상태
periodical	정기 간행물 / 정기적인
provision	공급, 제공 / 규정, 조건
sophisticated	정교한, 복잡한 / 세련된
dignitary	고위 인사
existing	현재 존재하는, 기존의
cautiously	조심스럽게
concurrently	동시에
inaugurate	개시하다 / 취임식을 거행하다
unlimited	무제한의
incompetent	무능한, 능력 없는 / 무능력한 사람
occasionally	가끔, 때때로
characteristic	특징, 특질 / 독특한, 특유의
illustrate	설명하다 / 삽화로 꾸미다
struggle	애쓰다, 분투하다 / 투쟁, 분투
reward	보상, 상 / 보상하다
current	현재의 / 흐름, 경향
revolutionary	혁명적인 / 혁명가
proportion	비율, 부분 / 균형, 비례
drought	가뭄
utility	유용성, 효용 / 공공 서비스, 공익 사업
diminish	감소시키다 / 감소하다, 줄다
complement	보완물, 보충물 / 보완하다
fine	벌금 / 좋은, 질이 좋은
incentive	동기, 유인책 / 유발하는, 자극적인
widely	널리, 폭넓게
award	상, 수상 / 상을 수여하다
modify	조정하다, 변경하다
unexpected	예상치 못한 / 뜻밖의
praise	칭찬하다 / 칭찬, 찬사
fuel	연료 / 활력을 주다, 촉진하다
attraction	매력, 끌어당김 / 관광 명소, 인기 장소
dispute	논쟁, 분쟁 / 논쟁하다, 반박하다
convey	전달하다 / 운반하다
compromise	타협, 절충 / 타협하다, 절충하다
abolish	폐지하다
speculation	추측 / 투기
solution	해결책 / 용액
prevention	방지, 예방
precisely	정확히
differ	다르다 / 차이가 있다
establish	설립하다 / 확립하다
evaluate	평가하다
certification	자격증, 인증서 / 인증, 증명
embassy	대사관
appearance	외모 / 출현, 등장
deliberate	의도적인, 계획적인 / 심사숙고하다
controversy	논란, 분쟁
fragile	잘 부서지기 쉬운 / 취약한
innate	타고난, 선천적인
accelerate	속도를 높이다 / 과정을 더 빠르게 진행하다
refrain	자제하다, 삼가다 / 반복되는 말, 후렴
delicate	섬세한, 정교한 / 민감한, 취급 주의가 필요한
aptitude	적성, 역량 / 소질
advocate	지지자 / 지지하다, 옹호하다
antibiotic	항생제
attorney	변호사 / 법적 대리인
congestion	교통 혼잡 / 밀집, 혼잡
deplete	고갈시키다, 소모하다
detach	떼어내다, 풀다 / 분리되다
emission	배출, 방출 / 방사
enact	법을 제정하다 / 연기하다
enforce	시행하다 / 강요하다
eradicate	근절하다, 제거하다
exploit	최대한 활용하다 / 착취하다
fraud	사기, 기만 / 부정 행위
forbid	금지하다, 못하게 하다
legislation	법률 제정 / 법규
illegible	읽기 어려운
improvise	즉흥적으로 만들다 / 급히 마련하다, 임시변통하다
insulation	단열재, 절연체 / 절연
litigation	소송, 법적 분쟁 / 법적 절차
undoubtedly	의심할 여지가 없이
contingent	~여하에 달린, 조건부의 / 대표단, 파견단
exotic	이국적인 / 색다른
scent	향기, 냄새 / 냄새를 맡다, 추적하다
devastate	완전히 파괴하다 / 충격을 주다
duration	지속 시간
beforehand	미리, 사전에
patent	특허, 특허권 / 명백한, 뚜렷한
perception	인식, 지각 / 견해, 시각
preside	주재하다 / 사회를 보다
succinct	간결한
susceptible	영향을 받기 쉬운 / 감수성이 예민한
trigger	유발하다 / 방아쇠
adhere	따르다, 고수하다 / 달라붙다
adjourn	중단하다, 휴회하다 / 장소를 옮기다
apprehensive	불안해하는, 염려하는
obstruct	방해하다 / 가로막다
confront	직면하다 / 대면하다, 대결하다
thrive	번영하다, 성장하다 / 성공하다
bilateral	양측의, 쌍방의
chronological	시간 순서의
endorse	승인하다 / 지지하다
fabricate	만들다, 제작하다 / 조작하다
curtail	줄이다, 축소하다 / 제한하다
embargo	무역 금지, 제재 / 무역을 금지하다
contend	경쟁하다 / 주장하다
equivalent	동등한, 상응하는 / 동등한 것
conglomerate	다각화된 대기업 / 복합적인
rigid	엄격한 / 굳은, 유연하지 않은
waive	포기하다, 철회하다 / 면제하다
consolidate	강화하다 / 통합하다
discrepancy	불일치, 차이
sturdy	튼튼한, 견고한 / 확고한, 결연한
unwavering	흔들림 없는
reciprocal	상호 간의 / 호혜적인
stance	입장, 태도 / 자세, 위치
offset	상쇄 / 상쇄하다, 보완하다
slowdown	둔화, 감속
attribute	~의 탓으로 돌리다 / 특성, 속성
connoisseur	전문가, 감식가
closely	가까이, 밀접하게 / 주의 깊게
ratio	비율, 비
bond	채권 / 유대감
defer	연기하다 / 다른 사람에게 맡기다, 따르다
flood	홍수 / 범람하다, 가득 차다
censorship	검열
rapidly	빠르게
customize	개인 맞춤화하다 / 특정 요구에 맞게 조정하다
inconsistency	불일치, 모순 / 일관성 없음
justify	정당화하다
reorganize	재편성하다 / 재배치하다
turnover	직원 변동률 / 매출액
uphold	지지하다 / 유지하다
collapse	무너지다, 붕괴하다 / 붕괴, 급격한 약화
contributor	기여자, 공헌자 / 기고가
dividend	배당금 / 나누어지는 수
seriously	심각하게 / 진지하게
carelessly	부주의하게
habitat	서식지 / 거주지
insubordinate	불복종하는, 반항적인 / 도전적인
liability	법적 책임 / 채무
retaliation	복수, 보복
seating	좌석 배치, 좌석 수용 능력
annulment	무효화, 취소
supplement	보충하다 / 보충물, 추가물
alumni	졸업생, 동문
commerce	상업, 무역
disclose	공개하다, 밝히다
emerge	나타나다, 드러나다 / 생겨나다, 나오다
eminent	저명한, 탁월한 / 돌출한, 눈에 띄는
genuine	진짜의 / 진실된
monetary	화폐의, 금전적인
solely	오로지, 단독으로 / 단지
conserve	보호하다 / 절약하다
impending	임박한
advisable	권장할 만한, 바람직한
circumscribe	제한하다 / 둘러싸다, 경계짓다
instantly	즉시 / 바로, 순간적으로
judge	판사 / 심사위원
fortify	강화하다, 튼튼하게 하다 / 영양가를 높이다
discharge	방출하다 / 해고하다
coherent	논리적인, 일관성 있는 / 조리 있게 말하는
ledger	회계 장부, 원장
bilingual	두 언어를 사용할 수 있는 / 이중 언어 사용자
compare	비교하다, 대조하다
proximity	가까움, 근접
purify	정화하다 / 마음을 정화하다
aspiration	열망, 포부
deadlock	교착 상태, 막다름
deal	처리하다 / 거래하다
ecology	생태학 / 생태계
flourish	번창하다, 번영하다 / 활달하게 활약하다
implication	함축, 암시 / 영향, 결과
conform	따르다, 순응하다 / 일치하다, 조화되다
deviate	벗어나다 / 일탈하다
evidently	분명히, 명백히 / 듣자 하니
infusion	주입, 투입 / 추출물
migration	이동, 이주 / 데이터 전환
clout	영향력, 권력 / 타격, 강타
occupation	직업, 일자리 / 점령, 차지
depot	정비 시설, 보관 장소 / 창고, 저장소
exhibition	전시회 / 발휘, 표현
benefit	이익, 혜택 / 이익을 얻다, 유익하다
detour	우회로 / 우회하다
divert	방향을 돌리다 / 주의를 돌리다
persist	고집하다, 지속하다
foresee	예측하다
unstable	불안정한 / 정신적으로 불안정한
degree	학위 / 정도, 수준
swap	교환하다 / 교환
constructive	건설적인 / 발전적인
desirable	원하는, 탐나는 / 바람직한
sewage	하수, 오수 / 배수
cultivation	경작, 재배 / 발전, 양성
dose	약의 복용량, 1회분 / 투여하다, 복용시키다
prospect	가능성, 전망 / 유망한 사람, 유망한 후보
soar	급격히 상승하다 / 날아오르다
utensil	주방 도구 / 특정 목적을 위한 도구
violation	위반, 침해
disaster	재앙, 참사
strictly	엄격하게, 철저히
abate	감소하다, 약해지다 / 완화하다
envision	상상하다, 구상하다
liquidate	자산을 현금화하다 / 사업을 종료시키다
scenic	경치가 아름다운 / 무대 상의
screen	화면, 스크린 / 체계적으로 선별하다
earnings	수익, 소득 / 벌어들인 돈
regulate	규제하다 / 조절하다
faction	소수파, 파벌
survive	살아남다, 생존하다
conservative	보수적인, 전통적인 / 보수주의자
burst	터지다, 폭발하다 / 갑작스럽게 나타나다
volume	부피, 용량 / 소리 크기, 음량
pursue	추구하다 / 뒤쫓다
frame	틀, 구조 / 틀에 넣다, 구성하다
container	용기, 그릇 / 운송용 대형 상자, 컨테이너
vital	매우 중요한 / 생명 유지에 필수적인
promotion	승진 / 홍보
competition	경쟁 / 대회
mention	언급하다 / 언급, 언급된 것
fabric	직물, 천 / 구조, 구성
residence	거주지, 주택 / 거주
include	포함하다, 포함시키다 / 넣다
annual	연간의 / 매년의
derive	얻다, 유래하다
damaged	손상된, 파손된 / 피해를 본
advertisement	광고
recently	최근에
cash	현금 / 현금으로 바꾸다
collection	수집, 모음 / 기부금, 모금
handle	다루다, 처리하다 / 손잡이, 핸들
form	형태 / 양식, 서식
earn	돈을 벌다 / 인정이나 명성을 얻다
factor	요인 / 고려하다
qualification	자격 / 능력
unique	독특한, 특별한 / 유일한
confusion	혼란 / 혼동
attendee	참석자
discuss	논의하다
laundry	세탁물 / 세탁업, 세탁소
average	평균 / 보통의, 평범한
demonstrate	보여주다, 시연하다 / 증명하다
inquire	질문하다 / 조사하다
resignation	사임, 사직 / 체념
shortly	곧, 금방 / 간단히, 짧게
duplicate	복제하다 / 복사본
location	장소, 위치
request	요청, 요구 / 요청하다, 요구하다
carton	종이박스, 용기 / 포장된 제품
relocate	이전하다 / 재배치하다
regular	규칙적인 / 일반적인
place	장소 / 놓다, 배치하다
percentage	백분율 / 비율, 비중
understanding	이해, 이해력 / 이해심 있는
renovation	개조, 보수 / 혁신, 갱신
manufacturer	제조업체, 제조자 / 제작자
inspect	점검하다, 조사하다
emergency	비상사태, 응급상황 / 긴급한 필요 상황
warehouse	창고 / 데이터 저장소
bill	청구서, 계산서 / 법안
